id,first_name,last_name,email,gender,ip_address
1,Heath,De Beneditti,hdebeneditti0@behance.net,Female,103.192.46.255
2,Sergeant,Kasparski,skasparski1@prnewswire.com,Male,82.36.85.181
3,Anne-corinne,Mollin,amollin2@guardian.co.uk,Female,241.100.131.216
4,Dennie,Pollastrino,dpollastrino3@privacy.gov.au,Female,145.115.221.104
5,Lotty,Menure,lmenure4@npr.org,Female,70.89.17.14
6,Adriane,Dunbabin,adunbabin5@paypal.com,Female,221.85.241.144
7,Konstantin,Fishlee,kfishlee6@latimes.com,Male,189.158.154.204
8,Norma,Davio,ndavio7@ed.gov,Female,122.238.97.225
9,Dulcinea,Whatling,dwhatling8@ft.com,Female,45.88.13.62
